,name,mean,NW_se,t_NW,p_NW
gamma0,Intercept,0.0010964788239397644,0.004118400122925145,0.26623902273025785,0.7905197854032644
gamma1,Market Beta,0.008638231502196173,0.005548140005006203,1.5569598990655815,0.12215806064509287
gamma2,ESG Level,0.0044649401617778426,0.0041114283194810175,1.0859827327213256,0.2797001767762429
